match_id,season,wc,date,episode,bot_a,bot_b,winner,method,method_raw,stage,weight_class
s06_001,6,1,2015-06-21,1.0,Icewave,Razorback,Icewave,KO,KO,qualifier,heavyweight
s06_002,6,1,2015-06-21,1.0,Plan X,Wrecks,Plan X,JD,Decision (Unanimous),qualifier,heavyweight
s06_003,6,1,2015-06-21,1.0,Bite Force,Warhead,Bite Force,JD,Decision (Unanimous),qualifier,heavyweight
s06_004,6,1,2015-06-21,1.0,Warrior Clan,Nightmare,Warrior Clan,KO,KO,qualifier,heavyweight
s06_005,6,1,2015-06-28,2.0,Lock-Jaw,Overhaul,Lock-Jaw,JD,Decision (Split),qualifier,heavyweight
s06_006,6,1,2015-06-28,2.0,Bronco,Witch Doctor,Bronco,KO,KO,qualifier,heavyweight
s06_007,6,1,2015-06-28,2.0,Tombstone,Counter Revolution,Tombstone,KO,KO,qualifier,heavyweight
s06_008,6,1,2015-06-28,2.0,Stinger,Captain Shrederator,Stinger,KO,KO,qualifier,heavyweight
s06_009,6,1,2015-06-28,2.0,OverDrive,Chomp,OverDrive,KO,KO,qualifier,heavyweight
s06_010,6,1,2015-06-28,2.0,Radioactive,Sweet Revenge,Radioactive,JD,Decision (Unanimous),qualifier,heavyweight
s06_011,6,1,2015-06-28,2.0,HyperShock,Mohawk,HyperShock,KO,KO,qualifier,heavyweight
s06_012,6,1,2015-06-28,2.0,Ghost Raptor,Complete Control,Ghost Raptor,JD,Decision (Unanimous),qualifier,heavyweight
s06_013,6,1,2015-07-05,3.0,Icewave,Chomp,Icewave,KO,KO,R16,heavyweight
s06_014,6,1,2015-07-05,3.0,Stinger,Warhead,Stinger,JD,Decision (Unanimous),R16,heavyweight
s06_015,6,1,2015-07-05,3.0,Ghost Raptor,Warrior Clan,Ghost Raptor,KO,KO,R16,heavyweight
s06_016,6,1,2015-07-05,3.0,Bronco,Plan X,Bronco,KO,KO,R16,heavyweight
s06_017,6,1,2015-07-12,4.0,Witch Doctor,OverDrive,Witch Doctor,KO,KO,R16,heavyweight
s06_018,6,1,2015-07-12,4.0,Tombstone,Radioactive,Tombstone,KO,KO,R16,heavyweight
s06_019,6,1,2015-07-12,4.0,Overhaul,Lock-Jaw,Overhaul,KO,KO,R16,heavyweight
s06_020,6,1,2015-07-12,4.0,Bite Force,HyperShock,Bite Force,KO,KO,R16,heavyweight
s06_021,6,1,2015-07-19,5.0,Bronco,Stinger,Bronco,KO,KO,QF,heavyweight
s06_022,6,1,2015-07-19,5.0,Tombstone,Witch Doctor,Tombstone,KO,KO,QF,heavyweight
s06_023,6,1,2015-07-19,5.0,Bite Force,Overhaul,Bite Force,JD,Decision (Split),QF,heavyweight
s06_024,6,1,2015-07-19,5.0,Ghost Raptor,Icewave,Ghost Raptor,KO,KO,QF,heavyweight
s06_025,6,1,2015-07-26,6.0,Tombstone,Bronco,Tombstone,KO,KO,SF,heavyweight
s06_026,6,1,2015-07-26,6.0,Bite Force,Ghost Raptor,Bite Force,KO,KO,SF,heavyweight
s06_027,6,1,2015-07-26,6.0,Bite Force,Tombstone,Bite Force,JD,Decision (Split),SF,heavyweight
s07_001,7,2,2016-06-23,2.0,Bronco,Blacksmith,Bronco,KO,KO,qualifier,heavyweight
s07_002,7,2,2016-06-23,2.0,Captain Shrederator,Death Roll,Captain Shrederator,KO,KO,qualifier,heavyweight
s07_003,7,2,2016-06-23,2.0,Beta,Lucky,Beta,JD,UD,qualifier,heavyweight
s07_004,7,2,2016-06-23,2.0,Icewave,SubZero,Icewave,JD,UD,qualifier,heavyweight
s07_005,7,2,2016-06-23,2.0,The Ringmaster,Ultimo Destructo,The Ringmaster,KO,KO,qualifier,heavyweight
s07_006,7,2,2016-06-23,2.0,Escape Velocity,OverDrive,Escape Velocity,JD,UD,qualifier,heavyweight
s07_007,7,2,2016-06-23,2.0,Tombstone,Black Ice,Tombstone,KO,KO,qualifier,heavyweight
s07_008,7,2,2016-06-23,2.0,Minotaur,Photon Storm,Minotaur,KO,KO,qualifier,heavyweight
s07_009,7,2,2016-06-23,2.0,Chomp,The Disk O' Inferno,Chomp,JD,SD,qualifier,heavyweight
s07_010,7,2,2016-06-23,2.0,HyperShock,UltraViolent,HyperShock,KO,KO,qualifier,heavyweight
s07_011,7,2,2016-06-23,2.0,Complete Control,Bombshell,Complete Control,JD,UD,qualifier,heavyweight
s07_012,7,2,2016-06-23,2.0,Bite Force,Mohawk,Bite Force,KO,KO,qualifier,heavyweight
s07_013,7,2,2016-06-23,2.0,ChromeFly,Bucktooth Burl,ChromeFly,JD,UD,qualifier,heavyweight
s07_014,7,2,2016-06-23,2.0,Warrior Clan,Splatter,Warrior Clan,JD,UD,qualifier,heavyweight
s07_015,7,2,2016-06-23,2.0,Stinger,Nightmare,Stinger,KO,KO,qualifier,heavyweight
s07_016,7,2,2016-06-23,2.0,Warhead,The Obwalden Overlord,Warhead,KO,KO,qualifier,heavyweight
s07_017,7,2,2016-06-30,3.0,Brutus,Moebius,Brutus,KO,KO,qualifier,heavyweight
s07_018,7,2,2016-06-30,3.0,Son of Whyachi,Ghost Raptor,Son of Whyachi,KO,KO,qualifier,heavyweight
s07_019,7,2,2016-06-30,3.0,Yeti,Lock-Jaw,Yeti,JD,UD,qualifier,heavyweight
s07_020,7,2,2016-06-30,3.0,Poison Arrow,Mega Tento,Poison Arrow,JD,UD,qualifier,heavyweight
s07_021,7,2,2016-06-30,3.0,Cobalt,Overhaul,Cobalt,KO,KO,qualifier,heavyweight
s07_022,7,2,2016-06-30,3.0,Razorback,SawBlaze,Razorback,JD,SD,qualifier,heavyweight
s07_023,7,2,2016-06-30,3.0,Red Devil,Wrecks,Red Devil,KO,KO,qualifier,heavyweight
s07_024,7,2,2016-06-30,3.0,Witch Doctor,Rotator,Witch Doctor,KO,KO,qualifier,heavyweight
s07_025,7,2,2016-07-07,4.0,Yeti,Lucky,Yeti,KO,KO,R32,heavyweight
s07_026,7,2,2016-07-07,4.0,Minotaur,Blacksmith,Minotaur,KO,KO,R32,heavyweight
s07_027,7,2,2016-07-07,4.0,Bronco,ChromeFly,Bronco,KO,KO,R32,heavyweight
s07_028,7,2,2016-07-07,4.0,Red Devil,Witch Doctor,Red Devil,KO,KO,R32,heavyweight
s07_029,7,2,2016-07-21,5.0,Warhead,Complete Control,Warhead,KO,KO,R32,heavyweight
s07_030,7,2,2016-07-21,5.0,Razorback,Ghost Raptor,Razorback,KO,KO,R32,heavyweight
s07_031,7,2,2016-07-21,5.0,Tombstone,Escape Velocity,Tombstone,KO,KO,R32,heavyweight
s07_032,7,2,2016-07-21,5.0,Poison Arrow,Son of Whyachi,Poison Arrow,KO,KO,R32,heavyweight
s07_033,7,2,2016-07-28,6.0,Beta,Overhaul,Beta,KO,KO,R32,heavyweight
s07_034,7,2,2016-07-28,6.0,HyperShock,Warrior Clan,HyperShock,KO,KO,R32,heavyweight
s07_035,7,2,2016-07-28,6.0,Mega Tento,Stinger,Mega Tento,JD,SD,R32,heavyweight
s07_036,7,2,2016-07-28,6.0,Nightmare,Icewave,Nightmare,KO,KO,R32,heavyweight
s07_037,7,2,2016-07-28,6.0,Brutus,Lock-Jaw,Brutus,JD,SD,R32,heavyweight
s07_038,7,2,2016-07-28,6.0,Bombshell,Cobalt,Bombshell,KO,KO,R32,heavyweight
s07_039,7,2,2016-07-28,6.0,Bite Force,The Ringmaster,Bite Force,JD,UD,R32,heavyweight
s07_040,7,2,2016-07-28,6.0,Chomp,Captain Shrederator,Chomp,KO,KO,R32,heavyweight
s07_041,7,2,2016-08-04,7.0,Minotaur,Warhead,Minotaur,KO,KO,R16,heavyweight
s07_042,7,2,2016-08-04,7.0,Poison Arrow,HyperShock,Poison Arrow,KO,KO,R16,heavyweight
s07_043,7,2,2016-08-04,7.0,Bombshell,Red Devil,Bombshell,JD,UD,R16,heavyweight
s07_044,7,2,2016-08-04,7.0,Bronco,Razorback,Bronco,KO,KO,R16,heavyweight
s07_045,7,2,2016-08-25,8.0,Tombstone,Brutus,Tombstone,KO,KO,R16,heavyweight
s07_046,7,2,2016-08-25,8.0,Beta,Nightmare,Beta,KO,KO,R16,heavyweight
s07_047,7,2,2016-08-25,8.0,Yeti,Mega Tento,Yeti,KO,KO,R16,heavyweight
s07_048,7,2,2016-08-25,8.0,Chomp,Bite Force,Chomp,JD,UD,R16,heavyweight
s07_049,7,2,2016-09-01,9.0,Yeti,Chomp,Yeti,KO,KO,QF,heavyweight
s07_050,7,2,2016-09-01,9.0,Tombstone,Beta,Tombstone,JD,UD,QF,heavyweight
s07_051,7,2,2016-09-01,9.0,Bombshell,Poison Arrow,Bombshell,KO,KO,QF,heavyweight
s07_052,7,2,2016-09-01,9.0,Minotaur,Bronco,Minotaur,KO,KO,QF,heavyweight
s07_053,7,2,2016-09-01,10.0,Bombshell,Minotaur,Bombshell,KO,KO,SF,heavyweight
s07_054,7,2,2016-09-01,10.0,Tombstone,Yeti,Tombstone,JD,UD,SF,heavyweight
s08_001,8,3,2018-08-03,11.0,Lucky,Gemini,Lucky,JD,SD,QF,heavyweight
s08_002,8,3,2018-08-03,11.0,Lock-Jaw,Kraken,Lock-Jaw,KO,KO,QF,heavyweight
s08_003,8,3,2018-08-03,11.0,Gigabyte,Double Dutch,Gigabyte,KO,KO,QF,heavyweight
s08_004,8,3,2018-08-03,11.0,Valkyrie,Hypothermia,Valkyrie,JD,UD,QF,heavyweight
s08_005,8,3,2018-08-03,11.0,Lock-Jaw,Valkyrie,Lock-Jaw,KO,KO,SF,heavyweight
s08_006,8,3,2018-08-03,11.0,Lucky,Gigabyte,Lucky,KO,KO,SF,heavyweight
s08_007,8,3,2018-08-03,11.0,Lock-Jaw,Lucky,Lock-Jaw,KO,KO,F,heavyweight
s08_008,8,3,2018-09-21,18.0,Monsoon,SawBlaze,Monsoon,JD,UD,R16,heavyweight
s08_009,8,3,2018-09-21,18.0,Bombshell,Tombstone,Bombshell,KO,KO,R16,heavyweight
s08_010,8,3,2018-09-21,18.0,Minotaur,Witch Doctor,Minotaur,KO,KO,R16,heavyweight
s08_011,8,3,2018-09-21,18.0,Lock-Jaw,Son of Whyachi,Lock-Jaw,JD,UD,R16,heavyweight
s08_012,8,3,2018-09-28,19.0,Bite Force,HUGE,Bite Force,KO,KO,R16,heavyweight
s08_013,8,3,2018-09-28,19.0,ROTATOR,Icewave,ROTATOR,JD,UD,R16,heavyweight
s08_014,8,3,2018-09-28,19.0,Bronco,WAR Hawk,Bronco,KO,KO,R16,heavyweight
s08_015,8,3,2018-09-28,19.0,Whiplash,Yeti,Whiplash,JD,UD,R16,heavyweight
s08_016,8,3,2018-09-21,18.0,Lock-Jaw,Bombshell,Lock-Jaw,KO,KO,QF,heavyweight
s08_017,8,3,2018-09-21,18.0,Minotaur,Monsoon,Minotaur,KO,KO,QF,heavyweight
s08_018,8,3,2018-09-28,19.0,Bite Force,ROTATOR,Bite Force,KO,KO,QF,heavyweight
s08_019,8,3,2018-09-28,19.0,Whiplash,Bronco,Whiplash,KO,KO,QF,heavyweight
s08_020,8,3,2018-10-05,20.0,Minotaur,Lock-Jaw,Minotaur,KO,KO,SF,heavyweight
s08_021,8,3,2018-10-05,20.0,Bite Force,Whiplash,Bite Force,KO,KO,SF,heavyweight
s08_023,8,3,2018-10-05,20.0,Bite Force,Minotaur,Bite Force,KO,KO,SF,heavyweight
s08_024,8,3,2018-05-11,1.0,Blacksmith,Bite Force,Bite Force,JD,UD,qualifier,heavyweight
s08_025,8,3,2018-05-11,1.0,SubZero,HUGE,HUGE,JD,UD,qualifier,heavyweight
s08_098,8,3,2018-05-11,1.0,Bombshell,Lock-Jaw,Lock-Jaw,KO,KO,qualifier,heavyweight
s08_026,8,3,2018-05-11,1.0,Tombstone,Minotaur,Tombstone,KO,KO,qualifier,heavyweight
s08_027,8,3,2018-05-18,2.0,Icewave,Vanquish,Icewave,KO,KO,qualifier,heavyweight
s08_028,8,3,2018-05-18,2.0,ROTATOR,Petunia,Petunia,JD,UD,qualifier,heavyweight
s08_029,8,3,2018-05-18,2.0,Red Devil,Brutus,Red Devil,KO,KO,qualifier,heavyweight
s08_030,8,3,2018-05-18,2.0,Captain Shrederator,End Game,End Game,KO,KO,qualifier,heavyweight
s08_031,8,3,2018-05-18,2.0,Witch Doctor,Yeti,Yeti,KO,KO,qualifier,heavyweight
s08_032,8,3,2018-05-25,3.0,Overhaul,SawBlaze,SawBlaze,KO,KO,qualifier,heavyweight
s08_033,8,3,2018-05-25,3.0,Whiplash,Hypothermia,Whiplash,KO,KO,qualifier,heavyweight
s08_034,8,3,2018-05-25,3.0,WAR Hawk,Axe Backwards,WAR Hawk,KO,KO,qualifier,heavyweight
s08_035,8,3,2018-05-25,3.0,HyperShock,Bite Force,Bite Force,KO,KO,qualifier,heavyweight
s08_036,8,3,2018-06-01,4.0,Red Devil,Monsoon,Monsoon,JD,UD,qualifier,heavyweight
s08_037,8,3,2018-06-01,4.0,Lucky,Skorpios,Skorpios,JD,UD,qualifier,heavyweight
s08_038,8,3,2018-06-01,4.0,Battle Royale With Cheese,Tantrum,Tantrum,JD,UD,qualifier,heavyweight
s08_039,8,3,2018-06-01,4.0,End Game,Lock-Jaw,End Game,KO,KO,qualifier,heavyweight
s08_040,8,3,2018-06-01,4.0,Gigabyte,Tombstone,Tombstone,KO,KO,qualifier,heavyweight
s08_041,8,3,2018-06-08,5.0,HUGE,Free Shipping,HUGE,JD,UD,qualifier,heavyweight
s08_042,8,3,2018-06-08,5.0,Hypothermia,Minotaur,Minotaur,JD,UD,qualifier,heavyweight
s08_043,8,3,2018-06-08,5.0,Blacksmith,The Four Horsemen,Blacksmith,KO,KO,qualifier,heavyweight
s08_044,8,3,2018-06-08,5.0,Son of Whyachi,Brutus,Brutus,KO,KO,qualifier,heavyweight
s08_045,8,3,2018-06-08,5.0,Yeti,Icewave,Icewave,KO,KO,qualifier,heavyweight
s08_046,8,3,2018-06-15,6.0,SawBlaze,Reality,SawBlaze,JD,UD,qualifier,heavyweight
s08_047,8,3,2018-06-15,6.0,Petunia,Monsoon,Monsoon,KO,KO,qualifier,heavyweight
s08_048,8,3,2018-06-15,6.0,SubZero,Captain Shrederator,SubZero,KO,KO,qualifier,heavyweight
s08_049,8,3,2018-06-15,6.0,Chomp,Warrior Dragon,Warrior Dragon,JD,UD,qualifier,heavyweight
s08_099,8,3,2018-06-15,6.0,Bronco,Bombshell,Bronco,KO,KO,qualifier,heavyweight
s08_050,8,3,2018-06-22,7.0,Lucky,Son of Whyachi,Son of Whyachi,KO,KO,qualifier,heavyweight
s08_051,8,3,2018-06-22,7.0,SawBlaze,Mohawk,SawBlaze,KO,KO,qualifier,heavyweight
s08_052,8,3,2018-06-22,7.0,Mecha Rampage,Whiplash,Whiplash,KO,KO,qualifier,heavyweight
s08_053,8,3,2018-06-22,7.0,Chomp,Overhaul,Overhaul,JD,UD,qualifier,heavyweight
s08_054,8,3,2018-06-22,7.0,End Game,Bite Force,Bite Force,KO,KO,qualifier,heavyweight
s08_055,8,3,2018-06-29,8.0,ROTATOR,Warrior Dragon,ROTATOR,JD,UD,qualifier,heavyweight
s08_056,8,3,2018-06-29,8.0,Reality,DUCK!,DUCK!,KO,KO,qualifier,heavyweight
s08_057,8,3,2018-06-29,8.0,HyperShock,Battle Royale With Cheese,HyperShock,KO,KO,qualifier,heavyweight
s08_058,8,3,2018-06-29,8.0,Blacksmith,Witch Doctor,Witch Doctor,JD,UD,qualifier,heavyweight
s08_059,8,3,2018-06-29,8.0,Bronco,Lock-Jaw,Bronco,JD,UD,qualifier,heavyweight
s08_060,8,3,2018-07-06,9.0,Chomp,HUGE,HUGE,JD,UD,qualifier,heavyweight
s08_061,8,3,2018-07-06,9.0,Brutus,WAR Hawk,Brutus,KO,KO,qualifier,heavyweight
s08_062,8,3,2018-07-06,9.0,Captain Shrederator,Petunia,Petunia,KO,KO,qualifier,heavyweight
s08_063,8,3,2018-07-06,9.0,Yeti,Bombshell,Yeti,JD,UD,qualifier,heavyweight
s08_064,8,3,2018-07-06,9.0,Skorpios,Icewave,Skorpios,JD,SD,qualifier,heavyweight
s08_065,8,3,2018-07-13,10.0,HyperShock,Free Shipping,Free Shipping,KO,KO,qualifier,heavyweight
s08_066,8,3,2018-07-13,10.0,Red Devil,SubZero,Red Devil,JD,UD,qualifier,heavyweight
s08_067,8,3,2018-07-13,10.0,Sharkoprion,Warhead,Warhead,JD,UD,qualifier,heavyweight
s08_068,8,3,2018-07-13,10.0,Monsoon,Son of Whyachi,Son of Whyachi,KO,KO,qualifier,heavyweight
s08_069,8,3,2018-07-13,10.0,Bronco,DUCK!,Bronco,KO,KO,qualifier,heavyweight
s08_070,8,3,2018-08-10,12.0,ROTATOR,Skorpios,ROTATOR,JD,UD,qualifier,heavyweight
s08_071,8,3,2018-08-10,12.0,Ultimo Destructo,Witch Doctor,Witch Doctor,KO,KO,qualifier,heavyweight
s08_072,8,3,2018-08-10,12.0,WAR Hawk,Overhaul,WAR Hawk,JD,UD,qualifier,heavyweight
s08_073,8,3,2018-08-10,12.0,Chomp,Warhead,Warhead,JD,UD,qualifier,heavyweight
s08_074,8,3,2018-08-10,12.0,Tombstone,Whiplash,Tombstone,KO,KO,qualifier,heavyweight
s08_075,8,3,2018-08-17,13.0,Red Devil,Valkyrie,Valkyrie,JD,UD,qualifier,heavyweight
s08_076,8,3,2018-08-17,13.0,Brutus,Gigabyte,Gigabyte,KO,KO,qualifier,heavyweight
s08_077,8,3,2018-08-17,13.0,Bombshell,Bite Force,Bite Force,KO,KO,qualifier,heavyweight
s08_078,8,3,2018-08-17,13.0,End Game,Son of Whyachi,Son of Whyachi,KO,KO,qualifier,heavyweight
s08_079,8,3,2018-08-17,13.0,Minotaur,Blacksmith,Minotaur,JD,UD,qualifier,heavyweight
s08_080,8,3,2018-08-24,14.0,Tombstone,DUCK!,Tombstone,KO,KO,qualifier,heavyweight
s08_081,8,3,2018-08-24,14.0,Petunia,Yeti,Yeti,KO,KO,qualifier,heavyweight
s08_082,8,3,2018-08-24,14.0,Axe Backwards,Monsoon,Monsoon,KO,KO,qualifier,heavyweight
s08_083,8,3,2018-08-24,14.0,Warhead,Warrior Dragon,Warhead,JD,SD,qualifier,heavyweight
s08_084,8,3,2018-08-24,14.0,Bronco,SawBlaze,Bronco,JD,UD,qualifier,heavyweight
s08_085,8,3,2018-08-31,15.0,Blacksmith,Warhead,Warhead,JD,SD,qualifier,heavyweight
s08_086,8,3,2018-08-31,15.0,Captain Shrederator,Vanquish,Captain Shrederator,KO,KO,qualifier,heavyweight
s08_087,8,3,2018-08-31,15.0,Kraken,Red Devil,Kraken,JD,UD,qualifier,heavyweight
s08_088,8,3,2018-08-31,15.0,HyperShock,Reality,Reality,KO,KO,qualifier,heavyweight
s08_089,8,3,2018-08-31,15.0,SawBlaze,End Game,SawBlaze,JD,SD,qualifier,heavyweight
s08_090,8,3,2018-09-07,16.0,Whiplash,Warhead,Whiplash,KO,KO,qualifier,heavyweight
s08_091,8,3,2018-09-07,16.0,Mohawk,Reality,Reality,KO,KO,qualifier,heavyweight
s08_092,8,3,2018-09-07,16.0,Free Shipping,WAR Hawk,WAR Hawk,JD,UD,qualifier,heavyweight
s08_093,8,3,2018-09-07,16.0,Witch Doctor,Overhaul,Witch Doctor,KO,KO,qualifier,heavyweight
s08_094,8,3,2018-09-07,16.0,SubZero,Minotaur,Minotaur,KO,KO,qualifier,heavyweight
s08_095,8,3,2018-09-14,17.0,Icewave,HUGE,Icewave,KO,KO,qualifier,heavyweight
s08_096,8,3,2018-09-14,17.0,HyperShock,Skorpios,Skorpios,JD,SD,qualifier,heavyweight
s08_097,8,3,2018-09-14,17.0,Gemini,The Four Horsemen,Gemini,JD,UD,qualifier,heavyweight
s09_001,9,4,2019-07-26,8.0,Minotaur,Lucky,Minotaur,KO,KO,QF,heavyweight
s09_002,9,4,2019-07-26,8.0,End Game,Gruff,End Game,KO,KO,QF,heavyweight
s09_003,9,4,2019-07-26,8.0,Black Dragon,Captain Shrederator,Black Dragon,KO,KO,QF,heavyweight
s09_004,9,4,2019-07-26,8.0,WAR Hawk,Ragnarök,WAR Hawk,KO,KO,QF,heavyweight
s09_005,9,4,2019-07-26,8.0,Minotaur,End Game,Minotaur,KO,KO,SF,heavyweight
s09_006,9,4,2019-07-26,8.0,Black Dragon,WAR Hawk,Black Dragon,KO,KO,SF,heavyweight
s09_007,9,4,2019-07-26,8.0,Black Dragon,Minotaur,Black Dragon,JD,UD,F,heavyweight
s09_008,9,4,2019-09-20,15.0,SawBlaze,Son of Whyachi,SawBlaze,JD,UD,R16,heavyweight
s09_009,9,4,2019-09-20,15.0,Bite Force,Uppercut,Bite Force,KO,KO,R16,heavyweight
s09_010,9,4,2019-09-20,15.0,DeathRoll,Yeti,DeathRoll,KO,KO,R16,heavyweight
s09_011,9,4,2019-09-20,15.0,Tombstone,Quantum,Tombstone,KO,KO,R16,heavyweight
s09_012,9,4,2019-09-20,15.0,Whiplash,HUGE,Whiplash,JD,SD,R16,heavyweight
s09_013,9,4,2019-09-20,15.0,Witch Doctor,Blacksmith,Witch Doctor,KO,KO,R16,heavyweight
s09_014,9,4,2019-09-20,15.0,Lock-Jaw,Black Dragon,Lock-Jaw,JD,SD,R16,heavyweight
s09_015,9,4,2019-09-20,15.0,Minotaur,Hydra,Minotaur,KO,KO,R16,heavyweight
s09_016,9,4,2019-09-27,16.0,DeathRoll,Minotaur,DeathRoll,KO,KO,QF,heavyweight
s09_017,9,4,2019-09-27,16.0,Tombstone,Whiplash,Tombstone,KO,KO,QF,heavyweight
s09_018,9,4,2019-09-27,16.0,Witch Doctor,SawBlaze,Witch Doctor,KO,KO,QF,heavyweight
s09_019,9,4,2019-09-27,16.0,Bite Force,Lock-Jaw,Bite Force,KO,KO,QF,heavyweight
s09_020,9,4,2019-09-27,16.0,Witch Doctor,DeathRoll,Witch Doctor,JD,SD,SF,heavyweight
s09_021,9,4,2019-09-27,16.0,Bite Force,Tombstone,Bite Force,KO,KO,SF,heavyweight
s09_022,9,4,2019-09-27,16.0,Bite Force,Witch Doctor,Bite Force,KO,KO,F,heavyweight
s09_023,9,4,2019-05-31,1.0,SawBlaze,Rotator,SawBlaze,JD,3-0 UD,qualifier,heavyweight
s09_024,9,4,2019-05-31,1.0,Cobalt,SubZero,Cobalt,KO,KO,qualifier,heavyweight
s09_025,9,4,2019-05-31,1.0,Kraken,Ribbot,Kraken,JD,3-0 UD,qualifier,heavyweight
s09_026,9,4,2019-05-31,1.0,DeathRoll,End Game,DeathRoll,KO,KO,qualifier,heavyweight
s09_027,9,4,2019-05-31,1.0,HyperShock,Valkyrie,HyperShock,KO,KO,qualifier,heavyweight
s09_028,9,4,2019-05-31,1.0,Blacksmith,Quantum,Quantum,JD,3-0 UD,qualifier,heavyweight
s09_029,9,4,2019-05-31,1.0,Tombstone,Lock-Jaw,Tombstone,KO,KO,qualifier,heavyweight
s09_030,9,4,2019-06-14,2.0,Son of Whyachi,HUGE,Son of Whyachi,KO,KO,qualifier,heavyweight
s09_031,9,4,2019-06-14,2.0,Texas Twister,Black Dragon,Texas Twister,JD,2-1 SD,qualifier,heavyweight
s09_032,9,4,2019-06-14,2.0,DUCK!,Bombshell,DUCK!,KO,KO,qualifier,heavyweight
s09_033,9,4,2019-06-14,2.0,Shatter!,Witch Doctor,Witch Doctor,JD,3-0 UD,qualifier,heavyweight
s09_034,9,4,2019-06-14,2.0,Axe Backwards,Mammoth,Mammoth,KO,KO,qualifier,heavyweight
s09_035,9,4,2019-06-14,2.0,WanHoo,Captain Shrederator,WanHoo,KO,KO,qualifier,heavyweight
s09_036,9,4,2019-06-14,2.0,Whiplash,Minotaur,Whiplash,JD,3-0 UD,qualifier,heavyweight
s09_037,9,4,2019-06-21,3.0,Skorpios,Copperhead,Skorpios,KO,KO,qualifier,heavyweight
s09_038,9,4,2019-06-21,3.0,Bloodsport,Lucky,Bloodsport,JD,3-0 UD,qualifier,heavyweight
s09_039,9,4,2019-06-21,3.0,Free Shipping,Hydra,Hydra,KO,KO,qualifier,heavyweight
s09_040,9,4,2019-06-21,3.0,Monsoon,Ragnarök,Monsoon,KO,KO,qualifier,heavyweight
s09_041,9,4,2019-06-21,3.0,MadCatter,RailGun Max,RailGun Max,KO,KO,qualifier,heavyweight
s09_042,9,4,2019-06-21,3.0,Breaker Box,Falcon,Breaker Box,JD,2-1 SD,qualifier,heavyweight
s09_043,9,4,2019-06-21,3.0,Bite Force,Yeti,Bite Force,JD,3-0 UD,qualifier,heavyweight
s09_044,9,4,2019-06-28,4.0,DUCK!,Cobalt,DUCK!,KO,KO,qualifier,heavyweight
s09_045,9,4,2019-06-28,4.0,Rotator,Bombshell,Rotator,KO,KO,qualifier,heavyweight
s09_046,9,4,2019-06-28,4.0,Nelly the Ellybot,Rainbow,Rainbow,KO,KO,qualifier,heavyweight
s09_047,9,4,2019-06-28,4.0,Quantum,Lock-Jaw,Lock-Jaw,KO,KO,qualifier,heavyweight
s09_048,9,4,2019-06-28,4.0,Kraken,Blacksmith,Blacksmith,JD,2-1 SD,qualifier,heavyweight
s09_049,9,4,2019-06-28,4.0,End Game,Ribbot,Ribbot,KO,KO,qualifier,heavyweight
s09_050,9,4,2019-06-28,4.0,Tombstone,SawBlaze,Tombstone,KO,KO,qualifier,heavyweight
s09_051,9,4,2019-07-05,5.0,Black Dragon,Bloodsport,Black Dragon,KO,KO,qualifier,heavyweight
s09_052,9,4,2019-07-05,5.0,Captain Shrederator,Witch Doctor,Witch Doctor,KO,KO,qualifier,heavyweight
s09_053,9,4,2019-07-05,5.0,Jasper,HUGE,HUGE,KO,KO,qualifier,heavyweight
s09_054,9,4,2019-07-05,5.0,Gigabyte,Minotaur,Gigabyte,JD,3-0 UD,qualifier,heavyweight
s09_055,9,4,2019-07-05,5.0,Mammoth,Uppercut,Uppercut,KO,KO,qualifier,heavyweight
s09_056,9,4,2019-07-05,5.0,WanHoo,Shatter!,Shatter!,JD,3-0 UD,qualifier,heavyweight
s09_057,9,4,2019-07-05,5.0,Son of Whyachi,Whiplash,Whiplash,KO,KO,qualifier,heavyweight
s09_058,9,4,2019-07-12,6.0,Hydra,WAR Hawk,Hydra,KO,KO,qualifier,heavyweight
s09_059,9,4,2019-07-12,6.0,Sidewinder,Skorpios,Skorpios,KO,KO,qualifier,heavyweight
s09_060,9,4,2019-07-12,6.0,Valkyrie,Ragnarök,Valkyrie,KO,KO,qualifier,heavyweight
s09_061,9,4,2019-07-12,6.0,Free Shipping,Yeti,Yeti,JD,3-0 UD,qualifier,heavyweight
s09_062,9,4,2019-07-12,6.0,Gruff,Copperhead,Copperhead,JD,2-1 SD,qualifier,heavyweight
s09_063,9,4,2019-07-12,6.0,HyperShock,Monsoon,HyperShock,KO,KO,qualifier,heavyweight
s09_064,9,4,2019-07-12,6.0,Bite Force,Bronco,Bite Force,KO,KO,qualifier,heavyweight
s09_065,9,4,2019-07-19,7.0,DeathRoll,Quantum,DeathRoll,KO,KO,qualifier,heavyweight
s09_066,9,4,2019-07-19,7.0,Bombshell,Cobalt,Cobalt,KO,KO,qualifier,heavyweight
s09_067,9,4,2019-07-19,7.0,Gemini,Tantrum,Tantrum,JD,3-0 UD,qualifier,heavyweight
s09_068,9,4,2019-07-19,7.0,Lock-Jaw,DUCK!,Lock-Jaw,JD,3-0 UD,qualifier,heavyweight
s09_069,9,4,2019-07-19,7.0,SawBlaze,Blacksmith,SawBlaze,JD,2-1 SD,qualifier,heavyweight
s09_070,9,4,2019-07-19,7.0,RailGun Max,Shellshock,RailGun Max,KO,KO,qualifier,heavyweight
s09_071,9,4,2019-07-19,7.0,Tombstone,Rotator,Rotator,KO,KO,qualifier,heavyweight
s09_072,9,4,2019-08-09,9.0,HUGE,Gigabyte,HUGE,JD,3-0 UD,qualifier,heavyweight
s09_073,9,4,2019-08-09,9.0,Breaker Box,Uppercut,Uppercut,KO,KO,qualifier,heavyweight
s09_074,9,4,2019-08-09,9.0,WanHoo,Mammoth,WanHoo,JD,3-0 UD,qualifier,heavyweight
s09_075,9,4,2019-08-09,9.0,Son of Whyachi,Texas Twister,Son of Whyachi,KO,KO,qualifier,heavyweight
s09_076,9,4,2019-08-09,9.0,SubZero,P1,SubZero,KO,KO,qualifier,heavyweight
s09_108,9,4,2019-08-09,9.0,Nelly the Ellybot,Deep Six,Deep Six,JD,3-0 UD,qualifier,heavyweight
s09_109,9,4,2019-08-09,9.0,Witch Doctor,Whiplash,Witch Doctor,JD,3-0 UD,qualifier,heavyweight
s09_077,9,4,2019-08-16,10.0,Hydra,Petunia,Hydra,KO,KO,qualifier,heavyweight
s09_078,9,4,2019-08-16,10.0,Yeti,Rainbow,Yeti,KO,KO,qualifier,heavyweight
s09_079,9,4,2019-08-16,10.0,Skorpios,Tantrum,Skorpios,JD,3-0 UD,qualifier,heavyweight
s09_080,9,4,2019-08-16,10.0,Free Shipping,Bronco,Free Shipping,JD,3-0 UD,qualifier,heavyweight
s09_081,9,4,2019-08-16,10.0,Valkyrie,Monsoon,Valkyrie,JD,3-0 UD,qualifier,heavyweight
s09_082,9,4,2019-08-16,10.0,Chronos,Copperhead,Chronos,KO,KO,qualifier,heavyweight
s09_083,9,4,2019-08-16,10.0,Bite Force,HyperShock,Bite Force,JD,3-0 UD,qualifier,heavyweight
s09_084,9,4,2019-08-23,11.0,DUCK!,Quantum,Quantum,JD,3-0 UD,qualifier,heavyweight
s09_085,9,4,2019-08-23,11.0,Blacksmith,Captain Shrederator,Blacksmith,KO,KO,qualifier,heavyweight
s09_086,9,4,2019-08-23,11.0,Bombshell,Lock-Jaw,Lock-Jaw,KO,KO,qualifier,heavyweight
s09_087,9,4,2019-08-23,11.0,Tombstone,Gruff,Tombstone,JD,3-0 UD,qualifier,heavyweight
s09_088,9,4,2019-08-23,11.0,End Game,Cobalt,End Game,KO,KO,qualifier,heavyweight
s09_089,9,4,2019-08-23,11.0,Ribbot,SawBlaze,SawBlaze,JD,3-0 UD,qualifier,heavyweight
s09_090,9,4,2019-08-23,11.0,Rotator,DeathRoll,DeathRoll,JD,3-0 UD,qualifier,heavyweight
s09_091,9,4,2019-08-30,12.0,Minotaur,Shatter!,Minotaur,KO,KO,qualifier,heavyweight
s09_092,9,4,2019-08-30,12.0,Son of Whyachi,Kraken,Son of Whyachi,KO,KO,qualifier,heavyweight
s09_093,9,4,2019-08-30,12.0,RailGun Max,WanHoo,RailGun Max,JD,3-0 UD,qualifier,heavyweight
s09_094,9,4,2019-08-30,12.0,Witch Doctor,Gigabyte,Witch Doctor,KO,KO,qualifier,heavyweight
s09_095,9,4,2019-08-30,12.0,Breaker Box,Bloodsport,Bloodsport,KO,KO,qualifier,heavyweight
s09_096,9,4,2019-08-30,12.0,Texas Twister,Whiplash,Whiplash,KO,KO,qualifier,heavyweight
s09_097,9,4,2019-08-30,12.0,HUGE,Bronco,HUGE,JD,3-0 UD,qualifier,heavyweight
s09_098,9,4,2019-09-06,13.0,Breaker Box,Hypershock,Hypershock,KO,KO,qualifier,heavyweight
s09_099,9,4,2019-09-06,13.0,Yeti,Tantrum,Yeti,KO,KO,qualifier,heavyweight
s09_100,9,4,2019-09-06,13.0,Copperhead,WAR Hawk,Copperhead,KO,KO,qualifier,heavyweight
s09_101,9,4,2019-09-06,13.0,Bite Force,Monsoon,Bite Force,KO,KO,qualifier,heavyweight
s09_102,9,4,2019-09-06,13.0,Free Shipping,RailGun Max,Free Shipping,JD,2-1 SD,qualifier,heavyweight
s09_103,9,4,2019-09-06,13.0,Uppercut,Skorpios,Uppercut,KO,KO,qualifier,heavyweight
s09_104,9,4,2019-09-06,13.0,Hydra,Bronco,Hydra,KO,KO,qualifier,heavyweight
s09_105,9,4,2019-09-13,14.0,Valkyrie,Quantum,Quantum,KO,KO,qualifier,heavyweight
s09_106,9,4,2019-09-13,14.0,Yeti,DUCK!,Yeti,JD,3-0 UD,qualifier,heavyweight
s09_107,9,4,2019-09-13,14.0,Lock-Jaw,Skorpios,Lock-Jaw,KO,KO,qualifier,heavyweight
s09_110,9,4,2019-09-13,14.0,Hypershock,HUGE,HUGE,KO,KO,qualifier,heavyweight
s09_111,9,4,2019-09-13,14.0,Rotator,Blacksmith,Blacksmith,JD,3-0 UD,qualifier,heavyweight
s09_112,9,4,2019-09-13,14.0,Son of Whyachi,Copperhead,Son of Whyachi,KO,KO,qualifier,heavyweight
s09_113,9,4,2019-09-13,14.0,Minotaur,Cobalt,Minotaur,JD,3-0 UD,qualifier,heavyweight
s10_001,10,5,2021-02-18,11.0,Hydra,HyperShock,Hydra,KO,KO,R32,heavyweight
s10_002,10,5,2021-02-18,11.0,Malice,Gigabyte,Gigabyte,KO,KO,R32,heavyweight
s10_003,10,5,2021-02-18,11.0,Whiplash,HUGE,Whiplash,JD,UD,R32,heavyweight
s10_004,10,5,2021-02-18,11.0,Valkyrie,SubZero,Valkyrie,KO,KO,R32,heavyweight
s10_005,10,5,2021-02-18,11.0,Uppercut,HiJinx,Uppercut,KO,KO,R32,heavyweight
s10_006,10,5,2021-02-18,11.0,Beta,Ribbot,Ribbot,KO,KO,R32,heavyweight
s10_103,10,5,2021-02-18,11.0,Black Dragon,SlamMow!,Black Dragon,KO,KO,R32,heavyweight
s10_008,10,5,2021-02-18,11.0,MadCatter,Tombstone,Tombstone,KO,KO,R32,heavyweight
s10_009,10,5,2021-02-25,12.0,Bloodsport,Gruff,Bloodsport,JD,SD,R32,heavyweight
s10_010,10,5,2021-02-25,12.0,Fusion,Tantrum,Tantrum,KO,KO,R32,heavyweight
s10_011,10,5,2021-02-25,12.0,SawBlaze,Kraken,SawBlaze,JD,UD,R32,heavyweight
s10_012,10,5,2021-02-25,12.0,Skorpios,Witch Doctor,Witch Doctor,JD,UD,R32,heavyweight
s10_013,10,5,2021-02-25,12.0,Copperhead,Mammoth,Mammoth,JD,SD,R32,heavyweight
s10_014,10,5,2021-02-25,12.0,Lock-Jaw,Shatter!,Shatter!,KO,KO,R32,heavyweight
s10_015,10,5,2021-02-25,12.0,End Game,Perfect Phoenix,End Game,KO,KO,R32,heavyweight
s10_016,10,5,2021-02-25,12.0,JackPot,Rotator,Rotator,KO,KO,R32,heavyweight
s10_017,10,5,2021-03-04,13.0,Hydra,Gigabyte,Hydra,JD,UD,R16,heavyweight
s10_104,10,5,2021-03-04,13.0,Whiplash,Valkyrie,Whiplash,JD,UD,R16,heavyweight
s10_019,10,5,2021-03-04,13.0,Uppercut,Ribbot,Ribbot,KO,KO,R16,heavyweight
s10_020,10,5,2021-03-04,13.0,Black Dragon,Tombstone,Black Dragon,JD,UD,R16,heavyweight
s10_021,10,5,2021-03-04,13.0,Bloodsport,Tantrum,Tantrum,JD,SD,R16,heavyweight
s10_022,10,5,2021-03-04,13.0,SawBlaze,Witch Doctor,SawBlaze,KO,KO,R16,heavyweight
s10_023,10,5,2021-03-04,13.0,Mammoth,Shatter!,Shatter!,JD,SD,R16,heavyweight
s10_024,10,5,2021-03-04,13.0,End Game,Rotator,End Game,JD,SD,R16,heavyweight
s10_025,10,5,2021-03-11,14.0,Hydra,Whiplash,Whiplash,JD,SD,QF,heavyweight
s10_026,10,5,2021-03-11,14.0,Ribbot,Black Dragon,Black Dragon,JD,UD,QF,heavyweight
s10_027,10,5,2021-03-11,14.0,Tantrum,SawBlaze,Tantrum,JD,UD,QF,heavyweight
s10_028,10,5,2021-03-11,14.0,Shatter!,End Game,End Game,KO,KO,QF,heavyweight
s10_029,10,5,2021-03-11,14.0,Whiplash,Black Dragon,Whiplash,JD,UD,SF,heavyweight
s10_030,10,5,2021-03-11,14.0,Tantrum,End Game,End Game,KO,KO,SF,heavyweight
s10_031,10,5,2021-03-11,14.0,Whiplash,End Game,End Game,KO,KO,F,heavyweight
s10_032,10,5,2020-12-03,1.0,SawBlaze,Whiplash,SawBlaze,KO,KO,qualifier,heavyweight
s10_033,10,5,2020-12-03,1.0,Fusion,MadCatter,MadCatter,KO,KO,qualifier,heavyweight
s10_034,10,5,2020-12-03,1.0,Malice,Axe Backwards,Malice,KO,KO,qualifier,heavyweight
s10_035,10,5,2020-12-03,1.0,Skorpios,Bloodsport,Bloodsport,KO,KO,qualifier,heavyweight
s10_036,10,5,2020-12-03,1.0,Lock-Jaw,Captain Shrederator,Lock-Jaw,KO,KO,qualifier,heavyweight
s10_037,10,5,2020-12-03,1.0,Rusty,Sporkinok,Rusty,KO,KO,qualifier,heavyweight
s10_038,10,5,2020-12-03,1.0,SMEEEEEEEEEEE,Sharkoprion,SMEEEEEEEEEEE,JD,3-0 UD,qualifier,heavyweight
s10_039,10,5,2020-12-03,1.0,End Game,Tombstone,End Game,KO,KO,qualifier,heavyweight
s10_040,10,5,2020-12-10,2.0,Ghost Raptor,Shatter!,Shatter!,KO,KO,qualifier,heavyweight
s10_041,10,5,2020-12-10,2.0,Tracer,Ribbot,Ribbot,KO,KO,qualifier,heavyweight
s10_042,10,5,2020-12-10,2.0,Black Dragon,Kraken,Black Dragon,JD,2-1 SD,qualifier,heavyweight
s10_043,10,5,2020-12-10,2.0,Mammoth,HUGE,Mammoth,KO,KO,qualifier,heavyweight
s10_044,10,5,2020-12-10,2.0,Claw Viper,HiJinx,Claw Viper,KO,KO,qualifier,heavyweight
s10_045,10,5,2020-12-10,2.0,Perfect Phoenix,Extinguisher,Perfect Phoenix,KO,KO,qualifier,heavyweight
s10_046,10,5,2020-12-10,2.0,Hydra,Witch Doctor,Hydra,JD,2-1 SD,qualifier,heavyweight
s10_047,10,5,2020-12-17,3.0,Copperhead,Gigabyte,Copperhead,KO,KO,qualifier,heavyweight
s10_048,10,5,2020-12-17,3.0,JackPot,SubZero,JackPot,KO,KO,qualifier,heavyweight
s10_049,10,5,2020-12-17,3.0,Uppercut,Gemini,Uppercut,KO,KO,qualifier,heavyweight
s10_050,10,5,2020-12-17,3.0,Beta,Rotator,Beta,JD,2-1 SD,qualifier,heavyweight
s10_051,10,5,2020-12-17,3.0,Valkyrie,Tantrum,Valkyrie,KO,KO,qualifier,heavyweight
s10_052,10,5,2020-12-17,3.0,Atom #94,Big Dill,Big Dill,JD,3-0 UD,qualifier,heavyweight
s10_053,10,5,2020-12-17,3.0,Gruff,HyperShock,Gruff,KO,KO,qualifier,heavyweight
s10_054,10,5,2020-12-24,4.0,Tombstone,Slap Box,Tombstone,KO,KO,qualifier,heavyweight
s10_055,10,5,2020-12-24,4.0,Pain Train,SlamMow!,SlamMow!,KO,KO,qualifier,heavyweight
s10_056,10,5,2020-12-24,4.0,Perfect Phoenix,Skorpios,Skorpios,KO,KO,qualifier,heavyweight
s10_057,10,5,2020-12-24,4.0,Ribbot,MadCatter,MadCatter,JD,3-0 UD,qualifier,heavyweight
s10_058,10,5,2020-12-24,4.0,Chomp,Gamma 9,Chomp,JD,3-0 UD,qualifier,heavyweight
s10_059,10,5,2020-12-24,4.0,Malice,Shatter!,Malice,JD,2-1 SD,qualifier,heavyweight
s10_060,10,5,2020-12-24,4.0,End Game,Bloodsport,Bloodsport,KO,KO,qualifier,heavyweight
s10_061,10,5,2021-01-07,5.0,Black Dragon,Claw Viper,Black Dragon,KO,KO,qualifier,heavyweight
s10_062,10,5,2021-01-07,5.0,Ghost Raptor,JackPot,JackPot,KO,KO,qualifier,heavyweight
s10_063,10,5,2021-01-07,5.0,GRABOT,SubZero,SubZero,KO,KO,qualifier,heavyweight
s10_064,10,5,2021-01-07,5.0,HUGE,Hydra,Hydra,JD,3-0 UD,qualifier,heavyweight
s10_065,10,5,2021-01-07,5.0,Aegis,Fusion,Fusion,KO,KO,qualifier,heavyweight
s10_066,10,5,2021-01-07,5.0,Big Dill,Lock-Jaw,Lock-Jaw,JD,3-0 UD,qualifier,heavyweight
s10_067,10,5,2021-01-07,5.0,Kraken,Witch Doctor,Kraken,JD,3-0 UD,qualifier,heavyweight
s10_068,10,5,2021-01-14,6.0,Rotator,Valkyrie,Valkyrie,JD,3-0 UD,qualifier,heavyweight
s10_069,10,5,2021-01-14,6.0,Extinguisher,Gigabyte,Gigabyte,KO,KO,qualifier,heavyweight
s10_070,10,5,2021-01-14,6.0,Slap Box,Sharkoprion,Slap Box,KO,KO,qualifier,heavyweight
s10_071,10,5,2021-01-14,6.0,Malice,MadCatter,MadCatter,KO,KO,qualifier,heavyweight
s10_072,10,5,2021-01-14,6.0,Atom #94,Tantrum,Tantrum,KO,KO,qualifier,heavyweight
s10_073,10,5,2021-01-14,6.0,Pain Train,SMEEEEEEEEEEE,Pain Train,JD,2-1 SD,qualifier,heavyweight
s10_074,10,5,2021-01-14,6.0,Uppercut,SawBlaze,Uppercut,KO,KO,qualifier,heavyweight
s10_075,10,5,2021-01-21,7.0,Axe Backwards,Captain Shrederator,Captain Shrederator,KO,KO,qualifier,heavyweight
s10_076,10,5,2021-01-21,7.0,Copperhead,P1,Copperhead,KO,KO,qualifier,heavyweight
s10_077,10,5,2021-01-21,7.0,Rusty,Beta,Beta,KO,KO,qualifier,heavyweight
s10_078,10,5,2021-01-21,7.0,Mammoth,HyperShock,HyperShock,KO,KO,qualifier,heavyweight
s10_079,10,5,2021-01-21,7.0,SubZero,Sporkinok,SubZero,KO,KO,qualifier,heavyweight
s10_080,10,5,2021-01-21,7.0,Bale Spear,Tracer,Tracer,KO,KO,qualifier,heavyweight
s10_081,10,5,2021-01-21,7.0,Gruff,Whiplash,Whiplash,JD,3-0 UD,qualifier,heavyweight
s10_082,10,5,2021-01-28,8.0,HUGE,Kraken,HUGE,JD,3-0 UD,qualifier,heavyweight
s10_083,10,5,2021-01-28,8.0,Ribbot,Axolotl,Ribbot,KO,KO,qualifier,heavyweight
s10_084,10,5,2021-01-28,8.0,Big Dill,Rotator,Rotator,KO,KO,qualifier,heavyweight
s10_085,10,5,2021-01-28,8.0,Lock-Jaw,Jackpot,Jackpot,KO,KO,qualifier,heavyweight
s10_086,10,5,2021-01-28,8.0,Chronos,Bloodsport,Bloodsport,JD,3-0 UD,qualifier,heavyweight
s10_087,10,5,2021-01-28,8.0,Fusion,War? EZ!,Fusion,KO,KO,qualifier,heavyweight
s10_088,10,5,2021-01-28,8.0,Skorpios,Tombstone,Skorpios,KO,KO,qualifier,heavyweight
s10_089,10,5,2021-02-04,9.0,Captain Shrederator,Shatter!,Shatter!,JD,3-0 UD,qualifier,heavyweight
s10_090,10,5,2021-02-04,9.0,Gigabyte,Claw Viper,Gigabyte,KO,KO,qualifier,heavyweight
s10_091,10,5,2021-02-04,9.0,Chomp,HiJinx,HiJinx,KO,KO,qualifier,heavyweight
s10_092,10,5,2021-02-04,9.0,Witch Doctor,SlamMow!,Witch Doctor,KO,KO,qualifier,heavyweight
s10_093,10,5,2021-02-04,9.0,Extinguisher,Gruff,Extinguisher,KO,KO,qualifier,heavyweight
s10_094,10,5,2021-02-04,9.0,Perfect Phoenix,Atom #94,Perfect Phoenix,JD,3-0 UD,qualifier,heavyweight
s10_095,10,5,2021-02-04,9.0,Copperhead,Black Dragon,Copperhead,JD,3-0 UD,qualifier,heavyweight
s10_096,10,5,2021-02-11,10.0,Hydra,Uppercut,Hydra,JD,3-0 UD,qualifier,heavyweight
s10_097,10,5,2021-02-11,10.0,Rusty,SawBlaze,SawBlaze,JD,3-0 UD,qualifier,heavyweight
s10_098,10,5,2021-02-11,10.0,Gamma 9,Tantrum,Tantrum,KO,KO,qualifier,heavyweight
s10_099,10,5,2021-02-11,10.0,End Game,HyperShock,End Game,KO,KO,qualifier,heavyweight
s10_100,10,5,2021-02-11,10.0,SMEEEEEEEEEEE,P1,P1,KO,KO,qualifier,heavyweight
s10_101,10,5,2021-02-11,10.0,Beta,Grabot,Beta,KO,KO,qualifier,heavyweight
s10_105,10,5,2021-02-11,10.0,Whiplash,Valkyrie,Whiplash,JD,3-0 UD,qualifier,heavyweight
s11_001,11,6,2022-03-17,11.0,EndGame,Skorpios,EndGame,KO,KO,R32,heavyweight
s11_002,11,6,2022-03-17,11.0,Minotaur,BloodSport,Minotaur,JD,UD,R32,heavyweight
s11_003,11,6,,,Copperhead,Lucky,Copperhead,KO,KO,R32,heavyweight
s11_004,11,6,2022-03-17,11.0,Mammoth *,Witch Doctor,Witch Doctor,KO,KO,R32,heavyweight
s11_005,11,6,2022-03-17,11.0,SawBlaze,HiJinx,SawBlaze,JD,UD,R32,heavyweight
s11_006,11,6,2022-03-17,11.0,HyperShock,P1,P1,JD,UD,R32,heavyweight
s11_007,11,6,,,Uppercut,HUGE,Uppercut,JD,UD,R32,heavyweight
s11_008,11,6,2022-03-17,11.0,Shatter!,Riptide,Riptide,KO,KO,R32,heavyweight
s11_009,11,6,2022-03-24,12.0,Ribbot,Hydra,Hydra,KO,KO,R32,heavyweight
s11_010,11,6,2022-03-24,12.0,Madcatter,Black Dragon,Black Dragon,JD,SD,R32,heavyweight
s11_011,11,6,2022-03-24,12.0,Blip,Valkyrie,Blip,KO,KO,R32,heavyweight
s11_012,11,6,2022-03-24,12.0,JackPot,Tombstone,JackPot,KO,KO,R32,heavyweight
s11_013,11,6,,,Whiplash,Icewave,Whiplash,KO,KO,R32,heavyweight
s11_014,11,6,2022-03-24,12.0,Cobalt,Yeti,Cobalt,KO,KO,R32,heavyweight
s11_015,11,6,,,Rotator,Captain Shrederator,Rotator,KO,KO,R32,heavyweight
s11_016,11,6,2022-03-24,12.0,Tantrum,Gigabyte,Tantrum,JD,UD,R32,heavyweight
s11_017,11,6,,,End Game,Minotaur,Minotaur,JD,UD,R16,heavyweight
s11_018,11,6,2022-03-31,13.0,Copperhead,Witch Doctor,Witch Doctor,KO,KO,R16,heavyweight
s11_019,11,6,2022-03-31,13.0,SawBlaze,P1,SawBlaze,JD,UD,R16,heavyweight
s11_020,11,6,2022-03-31,13.0,Uppercut,Riptide,Riptide,KO,KO,R16,heavyweight
s11_021,11,6,2022-03-31,13.0,Hydra,Black Dragon,Hydra,KO,KO,R16,heavyweight
s11_022,11,6,2022-03-31,13.0,Blip,JackPot,Blip,KO,KO,R16,heavyweight
s11_023,11,6,2022-03-31,13.0,Whiplash,Cobalt,Cobalt,JD,UD,R16,heavyweight
s11_024,11,6,2022-03-31,13.0,Rotator,Tantrum,Tantrum,KO,KO,R16,heavyweight
s11_025,11,6,,,Minotaur,Witch Doctor,Witch Doctor,JD,UD,QF,heavyweight
s11_026,11,6,,,SawBlaze,Riptide,SawBlaze,KO,KO,QF,heavyweight
s11_027,11,6,,,Hydra,Blip,Hydra,KO,KO,QF,heavyweight
s11_028,11,6,,,Cobalt,Tantrum,Tantrum,KO,KO,QF,heavyweight
s11_029,11,6,,,Witch Doctor,SawBlaze,Witch Doctor,KO,KO,SF,heavyweight
s11_030,11,6,,,Hydra,Tantrum,Tantrum,JD,SD,SF,heavyweight
s11_031,11,6,,,Witch Doctor,Tantrum,Tantrum,KO,KO,F,heavyweight
s11_032,11,6,2022-01-06,1.0,Sawblaze,Minotaur,Sawblaze,JD,UD,qualifier,heavyweight
s11_033,11,6,2022-01-06,1.0,Uppercut,Gigabyte,Uppercut,KO,KO,qualifier,heavyweight
s11_034,11,6,2022-01-06,1.0,Switchback,Gruff,Gruff,KO,KO,qualifier,heavyweight
s11_035,11,6,2022-01-06,1.0,Captain Shrederator,Tombstone,Captain Shrederator,KO,KO,qualifier,heavyweight
s11_036,11,6,2022-01-06,1.0,Free Shipping,Blacksmith,Blacksmith,JD,UD,qualifier,heavyweight
s11_037,11,6,2022-01-06,1.0,Pain Train,Deep Six,Deep Six,KO,KO,qualifier,heavyweight
s11_038,11,6,2022-01-06,1.0,Hydra,End Game,End Game,KO,KO,qualifier,heavyweight
s11_039,11,6,2022-01-13,2.0,Yeti,MadCatter,MadCatter,KO,KO,qualifier,heavyweight
s11_040,11,6,2022-01-13,2.0,Defender,Ribbot,Ribbot,KO,KO,qualifier,heavyweight
s11_041,11,6,2022-01-13,2.0,HiJinx,Mammoth,Mammoth,KO,KO,qualifier,heavyweight
s11_042,11,6,2022-01-13,2.0,Rotator,Kraken,Rotator,JD,UD,qualifier,heavyweight
s11_043,11,6,2022-01-13,2.0,Blip,Rusty,Blip,KO,KO,qualifier,heavyweight
s11_044,11,6,2022-01-13,2.0,Tantrum,Malice,Tantrum,JD,UD,qualifier,heavyweight
s11_045,11,6,2022-01-13,2.0,Bloodsport,Whiplash,Whiplash,KO,KO,qualifier,heavyweight
s11_046,11,6,2022-01-20,3.0,HyperShock,Slammo!,HyperShock,KO,KO,qualifier,heavyweight
s11_047,11,6,2022-01-20,3.0,Valkyrie,P1,P1,JD,UD,qualifier,heavyweight
s11_048,11,6,2022-01-20,3.0,HUGE,Riptide,Riptide,KO,KO,qualifier,heavyweight
s11_049,11,6,2022-01-20,3.0,Fusion,Cobalt,Fusion,KO,KO,qualifier,heavyweight
s11_050,11,6,2022-01-20,3.0,Black Dragon,Icewave,Black Dragon,KO,KO,qualifier,heavyweight
s11_051,11,6,2022-01-20,3.0,Witch Doctor,DUCK!,Witch Doctor,JD,UD,qualifier,heavyweight
s11_052,11,6,2022-01-20,3.0,Copperhead,Lock-Jaw,Copperhead,JD,SD,qualifier,heavyweight
s11_053,11,6,2022-02-03,5.0,Free Shipping,Uppercut,Uppercut,KO,KO,qualifier,heavyweight
s11_054,11,6,2022-02-03,5.0,Blacksmith,Shatter!,Shatter!,JD,UD,qualifier,heavyweight
s11_055,11,6,2022-02-03,5.0,Jäger,P1,P1,KO,KO,qualifier,heavyweight
s11_056,11,6,2022-02-03,5.0,Hydra,Gruff,Hydra,KO,KO,qualifier,heavyweight
s11_057,11,6,2022-02-03,5.0,Gigabyte,Captain Shrederator,Gigabyte,KO,KO,qualifier,heavyweight
s11_058,11,6,2022-02-03,5.0,Dragon Slayer,Duck!,Dragon Slayer,JD,UD,qualifier,heavyweight
s11_059,11,6,2022-02-03,5.0,End Game,Witch Doctor,End Game,KO,KO,qualifier,heavyweight
s11_060,11,6,2022-02-10,6.0,Rotator,Black Dragon,Rotator,JD,UD,qualifier,heavyweight
s11_061,11,6,2022-02-10,6.0,Lucky,Blade,Lucky,KO,KO,qualifier,heavyweight
s11_062,11,6,2022-02-10,6.0,Dragon Slayer,Minotaur,Minotaur,KO,KO,qualifier,heavyweight
s11_063,11,6,2022-02-10,6.0,Pain Train,Yeti,Yeti,KO,KO,qualifier,heavyweight
s11_064,11,6,2022-02-10,6.0,HiJinx,Kraken,HiJinx,JD,UD,qualifier,heavyweight
s11_065,11,6,2022-02-10,6.0,Defender,Riptide,Defender,JD,UD,qualifier,heavyweight
s11_066,11,6,2022-02-10,6.0,HyperShock,Lock-Jaw,HyperShock,KO,KO,qualifier,heavyweight
s11_067,11,6,2022-02-17,7.0,Bloodsport,SubZero,Bloodsport,KO,KO,qualifier,heavyweight
s11_068,11,6,2022-02-17,7.0,Cobalt,Ghost Raptor,Cobalt,KO,KO,qualifier,heavyweight
s11_069,11,6,2022-02-17,7.0,Icewave,Deadlift,Icewave,KO,KO,qualifier,heavyweight
s11_070,11,6,2022-02-17,7.0,Blip,Overhaul,Blip,KO,KO,qualifier,heavyweight
s11_071,11,6,2022-02-17,7.0,HUGE,Retrograde,HUGE,KO,KO,qualifier,heavyweight
s11_072,11,6,2022-02-17,7.0,Copperhead,Fusion,Copperhead,KO,KO,qualifier,heavyweight
s11_073,11,6,2022-02-17,7.0,Whiplash,Skorpios,Whiplash,JD,SD,qualifier,heavyweight
s11_074,11,6,2022-02-24,8.0,Malice,Blacksmith,Malice,JD,UD,qualifier,heavyweight
s11_075,11,6,2022-02-24,8.0,Black Dragon,Claw Viper,Black Dragon,KO,KO,qualifier,heavyweight
s11_076,11,6,2022-02-24,8.0,Gigabyte,SMEEEEEEEEEEEEE,Gigabyte,KO,KO,qualifier,heavyweight
s11_077,11,6,2022-02-24,8.0,Glitch,Hydra,Glitch,KO,KO,qualifier,heavyweight
s11_078,11,6,2022-02-24,8.0,Tombstone,Free Shipping,Tombstone,JD,UD,qualifier,heavyweight
s11_079,11,6,2022-02-24,8.0,Ribbot,P1,Ribbot,KO,KO,qualifier,heavyweight
s11_080,11,6,2022-02-24,8.0,End Game,SawBlaze,End Game,KO,KO,qualifier,heavyweight
s11_081,11,6,2022-03-03,9.0,Gruff,Cobalt,Cobalt,KO,KO,qualifier,heavyweight
s11_082,11,6,2022-03-03,9.0,DUCK!,Riptide,Riptide,KO,KO,qualifier,heavyweight
s11_083,11,6,2022-03-03,9.0,Valkyrie,Pardon My French,Valkyrie,KO,KO,qualifier,heavyweight
s11_084,11,6,2022-03-03,9.0,Lock-Jaw,Blip,Blip,JD,UD,qualifier,heavyweight
s11_085,11,6,2022-03-03,9.0,Minotaur,Deep Six,Minotaur,KO,KO,qualifier,heavyweight
s11_086,11,6,2022-03-03,9.0,SubZero,HiJinx,HiJinx,KO,KO,qualifier,heavyweight
s11_087,11,6,2022-03-03,9.0,Yeti,Skorpios,Yeti,JD,SD,qualifier,heavyweight
s11_088,11,6,2022-03-10,10.0,Bloodsport,Claw Viper,Bloodsport,JD,UD,qualifier,heavyweight
s11_089,11,6,2022-03-10,10.0,MadCatter,Rampage,MadCatter,KO,KO,qualifier,heavyweight
s11_090,11,6,2022-03-10,10.0,HUGE,Switchback,HUGE,KO,KO,qualifier,heavyweight
s11_091,11,6,2022-03-10,10.0,Kraken,Glitch,Glitch,KO,KO,qualifier,heavyweight
s11_092,11,6,2022-03-10,10.0,Mammoth,Lucky,Lucky,KO,KO,qualifier,heavyweight
s11_093,11,6,2022-03-10,10.0,Rusty,Witch Doctor,Witch Doctor,KO,KO,qualifier,heavyweight
s11_094,11,6,2022-03-10,10.0,Fusion,Icewave,Icewave,KO,KO,qualifier,heavyweight
s11_095,11,6,2022-03-17,11.0,Skorpios,Malice,Skorpios,JD,UD,qualifier,heavyweight
s11_096,11,6,2022-03-24,12.0,Defender,Hydra,Hydra,KO,KO,qualifier,heavyweight
s12_001,12,7,2023-05-11,17.0,Minotaur,Fusion,Minotaur,KO,KO,R32,heavyweight
s12_002,12,7,2023-05-11,17.0,Switchback,Malice,Malice,JD,UD,R32,heavyweight
s12_003,12,7,2023-05-11,17.0,SawBlaze,Blip,SawBlaze,JD,UD,R32,heavyweight
s12_004,12,7,2023-05-11,17.0,Cobalt,Monsoon,Monsoon,KO,KO,R32,heavyweight
s12_005,12,7,2023-05-11,17.0,Hydra,DeathRoll,Hydra,JD,UD,R32,heavyweight
s12_006,12,7,2023-05-11,17.0,Beta,Whiplash,Whiplash,KO,KO,R32,heavyweight
s12_007,12,7,2023-05-11,17.0,Quantum,Ribbot,Ribbot,KO,KO,R32,heavyweight
s12_008,12,7,2023-05-11,17.0,RIPperoni,Black Dragon,Black Dragon,KO,KO,R32,heavyweight
s12_009,12,7,2023-05-04,16.0,Riptide,Shatter!,Riptide,KO,KO,R32,heavyweight
s12_010,12,7,2023-05-04,16.0,Lucky,HyperShock,HyperShock,JD,UD,R32,heavyweight
s12_011,12,7,2023-05-04,16.0,End Game,Tantrum,End Game,JD,UD,R32,heavyweight
s12_012,12,7,2023-05-04,16.0,Copperhead,Rotator,Copperhead,JD,UD,R32,heavyweight
s12_013,12,7,2023-05-04,16.0,Witch Doctor,JackPot,Witch Doctor,KO,KO,R32,heavyweight
s12_014,12,7,2023-05-04,16.0,Lock-Jaw,Bloodsport,Lock-Jaw,KO,KO,R32,heavyweight
s12_015,12,7,2023-05-04,16.0,HUGE,Skorpios,HUGE,KO,KO,R32,heavyweight
s12_016,12,7,2023-05-04,16.0,Claw Viper,MadCatter,MadCatter,JD,SD,R32,heavyweight
s12_017,12,7,2023-05-18,18.0,Minotaur,Malice,Minotaur,JD,UD,R16,heavyweight
s12_018,12,7,2023-05-18,18.0,SawBlaze,Monsoon,SawBlaze,KO,KO,R16,heavyweight
s12_019,12,7,2023-05-18,18.0,Hydra,Whiplash,Hydra,KO,KO,R16,heavyweight
s12_020,12,7,2023-05-18,18.0,Ribbot,Black Dragon,Ribbot,KO,KO,R16,heavyweight
s12_021,12,7,2023-05-18,18.0,Riptide,HyperShock,Riptide,KO,KO,R16,heavyweight
s12_022,12,7,2023-05-18,18.0,End Game,Copperhead,Copperhead,JD,UD,R16,heavyweight
s12_023,12,7,2023-05-18,18.0,Witch Doctor,Lock-Jaw,Witch Doctor,KO,KO,R16,heavyweight
s12_024,12,7,2023-05-18,18.0,HUGE,MadCatter,HUGE,JD,UD,R16,heavyweight
s12_025,12,7,2023-05-25,19.0,Minotaur,SawBlaze,SawBlaze,KO,KO,QF,heavyweight
s12_026,12,7,2023-05-25,19.0,Hydra,Ribbot,Ribbot,KO,KO,QF,heavyweight
s12_027,12,7,2023-05-25,19.0,Riptide,Copperhead,Copperhead,JD,SD,QF,heavyweight
s12_028,12,7,2023-05-25,19.0,Witch Doctor,HUGE,HUGE,JD,UD,QF,heavyweight
s12_029,12,7,2023-05-25,19.0,SawBlaze,Ribbot,SawBlaze,JD,UD,SF,heavyweight
s12_030,12,7,2023-05-25,19.0,Copperhead,HUGE,HUGE,KO,KO,SF,heavyweight
s12_031,12,7,2023-05-25,19.0,SawBlaze,HUGE,SawBlaze,JD,UD,F,heavyweight
s12_032,12,7,2023-01-05,1.0,Ribbot,Witch Doctor,Witch Doctor,KO,KO,qualifier,heavyweight
s12_033,12,7,2023-01-05,1.0,Quantum,Captain Shrederator,Quantum,KO,KO,qualifier,heavyweight
s12_034,12,7,2023-01-05,1.0,RIPperoni,Gruff,Gruff,JD,UD,qualifier,heavyweight
s12_035,12,7,2023-01-05,1.0,HUGE,Shatter!,HUGE,KO,KO,qualifier,heavyweight
s12_036,12,7,2023-01-05,1.0,Riptide,Glitch,Riptide,KO,KO,qualifier,heavyweight
s12_037,12,7,2023-01-05,1.0,Free Shipping,Gigabyte,Free Shipping,KO,KO,qualifier,heavyweight
s12_038,12,7,2023-01-05,1.0,Tantrum,Minotaur,Minotaur,KO,KO,qualifier,heavyweight
s12_039,12,7,2023-01-12,2.0,SawBlaze,HyperShock,SawBlaze,JD,UD,qualifier,heavyweight
s12_040,12,7,2023-01-12,2.0,Emulsifier,Fusion,Fusion,JD,UD,qualifier,heavyweight
s12_041,12,7,2023-01-12,2.0,Valkyrie,Mammoth,Valkyrie,KO,KO,qualifier,heavyweight
s12_042,12,7,2023-01-12,2.0,Whiplash,MadCatter,MadCatter,KO,KO,qualifier,heavyweight
s12_043,12,7,2023-01-12,2.0,Switchback,Banshee,Switchback,JD,UD,qualifier,heavyweight
s12_044,12,7,2023-01-12,2.0,Big Dill,HiJinx,HiJinx,KO,KO,qualifier,heavyweight
s12_045,12,7,2023-01-12,2.0,End Game,Blip,End Game,JD,UD,qualifier,heavyweight
s12_046,12,7,2023-01-19,3.0,Cobalt,DeathRoll,Cobalt,KO,KO,qualifier,heavyweight
s12_047,12,7,2023-01-19,3.0,Claw Viper,Ominous,Claw Viper,KO,KO,qualifier,heavyweight
s12_048,12,7,2023-01-19,3.0,Bloodsport,Copperhead,Copperhead,KO,KO,qualifier,heavyweight
s12_049,12,7,2023-01-19,3.0,Lock-Jaw,Malice,Lock-Jaw,JD,UD,qualifier,heavyweight
s12_050,12,7,2023-01-19,3.0,Triton,Lucky,Lucky,KO,KO,qualifier,heavyweight
s12_051,12,7,2023-01-19,3.0,JackPot,Skorpios,Skorpios,KO,KO,qualifier,heavyweight
s12_052,12,7,2023-01-19,3.0,ROTATOR,Hydra,Hydra,KO,KO,qualifier,heavyweight
s12_053,12,7,2023-01-26,4.0,Black Dragon,Monsoon,Black Dragon,KO,KO,qualifier,heavyweight
s12_054,12,7,2023-01-26,4.0,Emulsifier,Malice,Malice,KO,KO,qualifier,heavyweight
s12_055,12,7,2023-01-26,4.0,Overhaul,Starchild,Overhaul,JD,UD,qualifier,heavyweight
s12_056,12,7,2023-01-26,4.0,Gruff,Quantum,Quantum,KO,KO,qualifier,heavyweight
s12_057,12,7,2023-01-26,4.0,Kraken,Beta,Beta,JD,UD,qualifier,heavyweight
s12_058,12,7,2023-01-26,4.0,SHREDDIT BRO!,Horizon,SHREDDIT BRO!,JD,UD,qualifier,heavyweight
s12_059,12,7,2023-01-26,4.0,Whiplash,HyperShock,HyperShock,KO,KO,qualifier,heavyweight
s12_060,12,7,2023-02-02,5.0,Free Shipping,Minotaur,Minotaur,KO,KO,qualifier,heavyweight
s12_061,12,7,2023-02-02,5.0,Claw Viper,Ribbot,Claw Viper,JD,UD,qualifier,heavyweight
s12_062,12,7,2023-02-02,5.0,Lock-Jaw,SawBlaze,SawBlaze,KO,KO,qualifier,heavyweight
s12_063,12,7,2023-02-02,5.0,Blip,HUGE,HUGE,JD,UD,qualifier,heavyweight
s12_064,12,7,2023-02-02,5.0,Witch Doctor,Fusion,Witch Doctor,JD,SD,qualifier,heavyweight
s12_065,12,7,2023-02-02,5.0,Doomba,Double Tap,Double Tap,KO,KO,qualifier,heavyweight
s12_066,12,7,2023-02-02,5.0,MadCatter,Riptide,Riptide,KO,KO,qualifier,heavyweight
s12_067,12,7,2023-02-09,6.0,RIPperoni,End Game,RIPperoni,KO,KO,qualifier,heavyweight
s12_068,12,7,2023-02-09,6.0,SwitchBack,DeathRoll,DeathRoll,KO,KO,qualifier,heavyweight
s12_069,12,7,2023-02-09,6.0,Hijinx,Captain Shrederator,Captain Shrederator,KO,KO,qualifier,heavyweight
s12_070,12,7,2023-02-09,6.0,JackPot,Rotator,Rotator,KO,KO,qualifier,heavyweight
s12_071,12,7,2023-02-09,6.0,Big Dill,Skorpios,Skorpios,KO,KO,qualifier,heavyweight
s12_072,12,7,2023-02-09,6.0,Valkyrie,Banshee,Banshee,JD,SD,qualifier,heavyweight
s12_073,12,7,2023-02-09,6.0,Hydra,Tantrum,Tantrum,KO,KO,qualifier,heavyweight
s12_074,12,7,2023-02-16,7.0,Bloodsport,Gigabyte,Bloodsport,KO,KO,qualifier,heavyweight
s12_075,12,7,2023-02-16,7.0,Claw Viper,Overhaul,Claw Viper,JD,UD,qualifier,heavyweight
s12_076,12,7,2023-02-16,7.0,Horizon,Monsoon,Monsoon,KO,KO,qualifier,heavyweight
s12_077,12,7,2023-02-16,7.0,Starchild,Mammoth,Mammoth,JD,UD,qualifier,heavyweight
s12_078,12,7,2023-02-16,7.0,Triton,Copperhead,Copperhead,JD,UD,qualifier,heavyweight
s12_079,12,7,2023-02-16,7.0,Lucky,Kraken,Lucky,JD,UD,qualifier,heavyweight
s12_080,12,7,2023-02-16,7.0,Minotaur,Cobalt,Minotaur,KO,KO,qualifier,heavyweight
s12_081,12,7,2023-02-23,8.0,Free Shipping,Hydra,Hydra,JD,UD,qualifier,heavyweight
s12_082,12,7,2023-02-23,8.0,HUGE,Fusion,HUGE,KO,KO,qualifier,heavyweight
s12_083,12,7,2023-02-23,8.0,Lock-Jaw,Glitch,Lock-Jaw,KO,KO,qualifier,heavyweight
s12_084,12,7,2023-02-23,8.0,Beta,Shatter!,Beta,JD,UD,qualifier,heavyweight
s12_085,12,7,2023-02-23,8.0,Quantum,Black Dragon,Quantum,JD,UD,qualifier,heavyweight
s12_086,12,7,2023-02-23,8.0,Terrortops,Slammo!,Terrortops,KO,KO,qualifier,heavyweight
s12_087,12,7,2023-02-23,8.0,Tantrum,Blip,Blip,JD,UD,qualifier,heavyweight
s12_088,12,7,2023-03-02,9.0,Gruff,Witch Doctor,Witch Doctor,KO,KO,qualifier,heavyweight
s12_089,12,7,2023-03-02,9.0,Malice,Valkyrie,Malice,JD,Appealed JD,qualifier,heavyweight
s12_090,12,7,2023-03-02,9.0,MadCatter,Big Dill,MadCatter,JD,UD,qualifier,heavyweight
s12_091,12,7,2023-03-02,9.0,Ribbot,JackPot,JackPot,JD,UD,qualifier,heavyweight
s12_092,12,7,2023-03-02,9.0,Skorpios,SawBlaze,SawBlaze,KO,KO,qualifier,heavyweight
s12_093,12,7,2023-03-02,9.0,RIPperoni,HiJinx,RIPperoni,KO,KO,qualifier,heavyweight
s12_094,12,7,2023-03-02,9.0,End Game,HyperShock,End Game,KO,KO,qualifier,heavyweight
s12_095,12,7,2023-03-09,10.0,Riptide,Captain Shrederator,Riptide,KO,KO,qualifier,heavyweight
s12_096,12,7,2023-03-09,10.0,Mammoth,DeathRoll,DeathRoll,KO,KO,qualifier,heavyweight
s12_097,12,7,2023-03-09,10.0,Banshee,Emulsifier,Emulsifier,KO,KO,qualifier,heavyweight
s12_098,12,7,2023-03-09,10.0,Copperhead,Kraken,Copperhead,KO,KO,qualifier,heavyweight
s12_099,12,7,2023-03-09,10.0,Horizon,Shatter!,Horizon,JD,SD,qualifier,heavyweight
s12_100,12,7,2023-03-09,10.0,Ominous,Shreddit Bro,Ominous,JD,UD,qualifier,heavyweight
s12_101,12,7,2023-03-09,10.0,Whiplash,Monsoon,Whiplash,JD,UD,qualifier,heavyweight
s12_102,12,7,2023-03-30,11.0,Black Dragon,Beta,Black Dragon,KO,KO,qualifier,heavyweight
s12_103,12,7,2023-03-30,11.0,Cobalt,Overhaul,Cobalt,KO,KO,qualifier,heavyweight
s12_104,12,7,2023-03-30,11.0,Switchback,Ominous,Switchback,KO,KO,qualifier,heavyweight
s12_105,12,7,2023-03-30,11.0,Triton,Glitch,Triton,KO,KO,qualifier,heavyweight
s12_106,12,7,2023-03-30,11.0,Gigabyte,Starchild,Gigabyte,JD,UD,qualifier,heavyweight
s12_107,12,7,2023-03-30,11.0,JackPot,Captain Shrederator,JackPot,JD,UD,qualifier,heavyweight
s12_108,12,7,2023-03-30,11.0,Rotator,Bloodsport,Bloodsport,KO,KO,qualifier,heavyweight
s12_109,12,7,2023-04-06,12.0,Lock-Jaw,Mad Catter,Lock-Jaw,KO,KO,qualifier,heavyweight
s12_110,12,7,2023-04-06,12.0,Gruff,Malice,Malice,KO,KO,qualifier,heavyweight
s12_111,12,7,2023-04-06,12.0,Doomba,Dragon King,Dragon King,KO,KO,qualifier,heavyweight
s12_112,12,7,2023-04-06,12.0,Claw Viper,Hypershock,Hypershock,KO,KO,qualifier,heavyweight
s12_113,12,7,2023-04-06,12.0,Free Shipping,Big Dill,Big Dill,KO,KO,qualifier,heavyweight
s12_114,12,7,2023-04-06,12.0,Shreddit Bro,Lucky,Lucky,KO,KO,qualifier,heavyweight
s12_115,12,7,2023-04-06,12.0,SawBlaze,Hydra,Hydra,JD,UD,qualifier,heavyweight
s12_116,12,7,2023-04-13,13.0,Emulsifier,Quantum,Quantum,JD,UD,qualifier,heavyweight
s12_117,12,7,2023-04-13,13.0,Gigabyte,End Game,End Game,KO,KO,qualifier,heavyweight
s12_118,12,7,2023-04-13,13.0,Shreddit Bro,Overhaul,Shreddit Bro,JD,SD,qualifier,heavyweight
s12_119,12,7,2023-04-13,13.0,Rotator,Fusion,Rotator,KO,KO,qualifier,heavyweight
s12_120,12,7,2023-04-13,13.0,Skorpios,Ribbot,Ribbot,KO,KO,qualifier,heavyweight
s12_121,12,7,2023-04-13,13.0,Dragon King,Terrortops,Terrortops,JD,UD,qualifier,heavyweight
s12_122,12,7,2023-04-13,13.0,Copperhead,RIPperoni,RIPperoni,KO,KO,qualifier,heavyweight
s12_123,12,7,2023-04-20,14.0,Starchild,HUGE,HUGE,JD,UD,qualifier,heavyweight
s12_124,12,7,2023-04-20,14.0,Ominous,Shatter!,Shatter!,JD,UD,qualifier,heavyweight
s12_125,12,7,2023-04-20,14.0,Triton,Horizon,Triton,KO,KO,qualifier,heavyweight
s12_126,12,7,2023-04-20,14.0,Bloodsport,Beta,Beta,JD,UD,qualifier,heavyweight
s12_127,12,7,2023-04-20,14.0,Mammoth,Kraken,Mammoth,JD,UD,qualifier,heavyweight
s12_128,12,7,2023-04-20,14.0,Valkyrie,Glitch,Valkyrie,JD,UD,qualifier,heavyweight
s12_129,12,7,2023-04-20,14.0,Black Dragon,Riptide,Riptide,KO,KO,qualifier,heavyweight
s12_130,12,7,2023-04-27,15.0,Lucky,Cobalt,Cobalt,KO,KO,qualifier,heavyweight
s12_131,12,7,2023-04-27,15.0,Blip,Banshee,Blip,JD,UD,qualifier,heavyweight
s12_132,12,7,2023-04-27,15.0,Monsoon,DeathRoll,Monsoon,KO,KO,qualifier,heavyweight
s12_133,12,7,2023-04-27,15.0,Tantrum,Whiplash,Whiplash,KO,KO,qualifier,heavyweight
s12_134,12,7,2023-04-27,15.0,Hijinx,Switchback,Switchback,KO,KO,qualifier,heavyweight
s12_135,12,7,2023-04-27,15.0,Slammo!,Double Tap,Double Tap,JD,UD,qualifier,heavyweight
s12_136,12,7,2023-04-27,15.0,Minotaur,Witch Doctor,Minotaur,JD,UD,qualifier,heavyweight
